,target,ratio(%),cummulated_sum(%)
Class_6,51811,25.905499999999996,25.905499999999996
Class_8,51763,25.881500000000003,51.787
Class_9,25542,12.770999999999999,64.55799999999999
Class_2,24431,12.2155,76.7735
Class_3,14798,7.399,84.1725
Class_7,14769,7.384499999999999,91.557
Class_1,9118,4.559,96.116
Class_4,4704,2.352,98.468
Class_5,3064,1.532,100.0
